search_type,filename,num_veh,dist,d0,d1,d2,d3,d4,Number of vehicles,Max capacity,Customers,total demand,Minimum vehicles to satisfy capacity
heuristic,c101,10,889.04677179,0.548813503927,0.7151893663719999,0.6027633760719999,0.544883182997,0.42365479933899997,25,200,101,1810,9.05
heuristic,c101,11,1087.72579442,0.645894113067,0.437587211263,0.891773000782,0.963662760501,0.383441518826,25,200,101,1810,9.05
heuristic,c101,11,1161.14520029,0.791725038083,0.528894919753,0.5680445610939999,0.925596638293,0.07103605819789999,25,200,101,1810,9.05
heuristic,c101,13,2657.40949759,0.08712929970149999,0.0202183974403,0.8326198455480001,0.77815675095,0.870012148247,25,200,101,1810,9.05
heuristic,c101,11,1213.23420626,0.9786183422329999,0.799158564217,0.461479362253,0.780529176286,0.118274425869,25,200,101,1810,9.05
heuristic,c101,11,1218.43194376,0.639921021328,0.143353287409,0.94466891705,0.52184832175,0.414661939991,25,200,101,1810,9.05
heuristic,c101,10,855.065443397,0.264555612105,0.774233689434,0.45615033221699997,0.568433948869,0.018789800436400002,25,200,101,1810,9.05
heuristic,c101,12,1792.58187506,0.617635497076,0.6120957227220001,0.616933996875,0.9437480785150001,0.681820299103,25,200,101,1810,9.05
heuristic,c101,10,914.4605844419999,0.359507900574,0.437031953799,0.6976311959270001,0.060225471629300004,0.6667667154460001,25,200,101,1810,9.05
heuristic,c101,13,2371.84871302,0.670637869618,0.210382561074,0.128926297655,0.315428350924,0.36371077094300003,25,200,101,1810,9.05
heuristic,c102,11,1667.99483405,0.548813503927,0.7151893663719999,0.6027633760719999,0.544883182997,0.42365479933899997,25,200,101,1810,9.05
heuristic,c102,11,2132.03795113,0.645894113067,0.437587211263,0.891773000782,0.963662760501,0.383441518826,25,200,101,1810,9.05
heuristic,c102,11,1870.52260248,0.791725038083,0.528894919753,0.5680445610939999,0.925596638293,0.07103605819789999,25,200,101,1810,9.05
heuristic,c102,11,2573.39865984,0.08712929970149999,0.0202183974403,0.8326198455480001,0.77815675095,0.870012148247,25,200,101,1810,9.05
heuristic,c102,11,2043.52587461,0.9786183422329999,0.799158564217,0.461479362253,0.780529176286,0.118274425869,25,200,101,1810,9.05
heuristic,c102,11,1758.38316052,0.639921021328,0.143353287409,0.94466891705,0.52184832175,0.414661939991,25,200,101,1810,9.05
heuristic,c102,10,1601.7902566999999,0.264555612105,0.774233689434,0.45615033221699997,0.568433948869,0.018789800436400002,25,200,101,1810,9.05
heuristic,c102,11,2178.38946213,0.617635497076,0.6120957227220001,0.616933996875,0.9437480785150001,0.681820299103,25,200,101,1810,9.05
heuristic,c102,10,1402.28493586,0.359507900574,0.437031953799,0.6976311959270001,0.060225471629300004,0.6667667154460001,25,200,101,1810,9.05
heuristic,c102,11,2394.24424331,0.670637869618,0.210382561074,0.128926297655,0.315428350924,0.36371077094300003,25,200,101,1810,9.05
heuristic,c103,11,1967.98420382,0.548813503927,0.7151893663719999,0.6027633760719999,0.544883182997,0.42365479933899997,25,200,101,1810,9.05
heuristic,c103,11,2546.22938591,0.645894113067,0.437587211263,0.891773000782,0.963662760501,0.383441518826,25,200,101,1810,9.05
heuristic,c103,11,2568.46449942,0.791725038083,0.528894919753,0.5680445610939999,0.925596638293,0.07103605819789999,25,200,101,1810,9.05
heuristic,c103,11,2799.51234795,0.08712929970149999,0.0202183974403,0.8326198455480001,0.77815675095,0.870012148247,25,200,101,1810,9.05
heuristic,c103,11,1982.21346215,0.9786183422329999,0.799158564217,0.461479362253,0.780529176286,0.118274425869,25,200,101,1810,9.05
heuristic,c103,11,2379.42565883,0.639921021328,0.143353287409,0.94466891705,0.52184832175,0.414661939991,25,200,101,1810,9.05
heuristic,c103,11,2061.73508055,0.264555612105,0.774233689434,0.45615033221699997,0.568433948869,0.018789800436400002,25,200,101,1810,9.05
heuristic,c103,11,2718.56311955,0.617635497076,0.6120957227220001,0.616933996875,0.9437480785150001,0.681820299103,25,200,101,1810,9.05
heuristic,c103,11,1602.87994765,0.359507900574,0.437031953799,0.6976311959270001,0.060225471629300004,0.6667667154460001,25,200,101,1810,9.05
heuristic,c103,12,2893.16199785,0.670637869618,0.210382561074,0.128926297655,0.315428350924,0.36371077094300003,25,200,101,1810,9.05
heuristic,c104,11,1685.26088025,0.548813503927,0.7151893663719999,0.6027633760719999,0.544883182997,0.42365479933899997,25,200,101,1810,9.05
heuristic,c104,11,2231.13841279,0.645894113067,0.437587211263,0.891773000782,0.963662760501,0.383441518826,25,200,101,1810,9.05
heuristic,c104,11,2238.26507183,0.791725038083,0.528894919753,0.5680445610939999,0.925596638293,0.07103605819789999,25,200,101,1810,9.05
heuristic,c104,12,2890.87139382,0.08712929970149999,0.0202183974403,0.8326198455480001,0.77815675095,0.870012148247,25,200,101,1810,9.05
heuristic,c104,11,1970.43053975,0.9786183422329999,0.799158564217,0.461479362253,0.780529176286,0.118274425869,25,200,101,1810,9.05
heuristic,c104,11,1743.03840433,0.639921021328,0.143353287409,0.94466891705,0.52184832175,0.414661939991,25,200,101,1810,9.05
heuristic,c104,11,1839.24435907,0.264555612105,0.774233689434,0.45615033221699997,0.568433948869,0.018789800436400002,25,200,101,1810,9.05
heuristic,c104,11,2400.88298551,0.617635497076,0.6120957227220001,0.616933996875,0.9437480785150001,0.681820299103,25,200,101,1810,9.05
heuristic,c104,12,1593.38063188,0.359507900574,0.437031953799,0.6976311959270001,0.060225471629300004,0.6667667154460001,25,200,101,1810,9.05
heuristic,c104,12,3157.70624398,0.670637869618,0.210382561074,0.128926297655,0.315428350924,0.36371077094300003,25,200,101,1810,9.05
heuristic,c105,11,1258.48317115,0.548813503927,0.7151893663719999,0.6027633760719999,0.544883182997,0.42365479933899997,25,200,101,1810,9.05
heuristic,c105,11,1534.29955207,0.645894113067,0.437587211263,0.891773000782,0.963662760501,0.383441518826,25,200,101,1810,9.05
heuristic,c105,11,1929.49678675,0.791725038083,0.528894919753,0.5680445610939999,0.925596638293,0.07103605819789999,25,200,101,1810,9.05
heuristic,c105,13,2468.63289827,0.08712929970149999,0.0202183974403,0.8326198455480001,0.77815675095,0.870012148247,25,200,101,1810,9.05
heuristic,c105,11,1330.48471874,0.9786183422329999,0.799158564217,0.461479362253,0.780529176286,0.118274425869,25,200,101,1810,9.05
heuristic,c105,11,1662.60414234,0.639921021328,0.143353287409,0.94466891705,0.52184832175,0.414661939991,25,200,101,1810,9.05
heuristic,c105,11,1651.12783801,0.264555612105,0.774233689434,0.45615033221699997,0.568433948869,0.018789800436400002,25,200,101,1810,9.05
heuristic,c105,12,2169.31600001,0.617635497076,0.6120957227220001,0.616933996875,0.9437480785150001,0.681820299103,25,200,101,1810,9.05
heuristic,c105,10,992.029249052,0.359507900574,0.437031953799,0.6976311959270001,0.060225471629300004,0.6667667154460001,25,200,101,1810,9.05
heuristic,c105,12,2442.9144589,0.670637869618,0.210382561074,0.128926297655,0.315428350924,0.36371077094300003,25,200,101,1810,9.05
heuristic,c106,11,1799.98671366,0.548813503927,0.7151893663719999,0.6027633760719999,0.544883182997,0.42365479933899997,25,200,101,1810,9.05
heuristic,c106,12,2499.9889244,0.645894113067,0.437587211263,0.891773000782,0.963662760501,0.383441518826,25,200,101,1810,9.05
heuristic,c106,11,2293.13018954,0.791725038083,0.528894919753,0.5680445610939999,0.925596638293,0.07103605819789999,25,200,101,1810,9.05
heuristic,c106,12,2720.57976521,0.08712929970149999,0.0202183974403,0.8326198455480001,0.77815675095,0.870012148247,25,200,101,1810,9.05
heuristic,c106,11,2113.7594009,0.9786183422329999,0.799158564217,0.461479362253,0.780529176286,0.118274425869,25,200,101,1810,9.05
heuristic,c106,11,2413.6072925999997,0.639921021328,0.143353287409,0.94466891705,0.52184832175,0.414661939991,25,200,101,1810,9.05
heuristic,c106,11,1843.54133418,0.264555612105,0.774233689434,0.45615033221699997,0.568433948869,0.018789800436400002,25,200,101,1810,9.05
heuristic,c106,12,2451.43938172,0.617635497076,0.6120957227220001,0.616933996875,0.9437480785150001,0.681820299103,25,200,101,1810,9.05
heuristic,c106,11,1256.79282496,0.359507900574,0.437031953799,0.6976311959270001,0.060225471629300004,0.6667667154460001,25,200,101,1810,9.05
heuristic,c106,12,2711.55466799,0.670637869618,0.210382561074,0.128926297655,0.315428350924,0.36371077094300003,25,200,101,1810,9.05
heuristic,c107,11,1432.27688566,0.548813503927,0.7151893663719999,0.6027633760719999,0.544883182997,0.42365479933899997,25,200,101,1810,9.05
heuristic,c107,11,1634.68806231,0.645894113067,0.437587211263,0.891773000782,0.963662760501,0.383441518826,25,200,101,1810,9.05
heuristic,c107,11,1491.91140609,0.791725038083,0.528894919753,0.5680445610939999,0.925596638293,0.07103605819789999,25,200,101,1810,9.05
heuristic,c107,12,2266.55053285,0.08712929970149999,0.0202183974403,0.8326198455480001,0.77815675095,0.870012148247,25,200,101,1810,9.05
heuristic,c107,10,1432.25662213,0.9786183422329999,0.799158564217,0.461479362253,0.780529176286,0.118274425869,25,200,101,1810,9.05
heuristic,c107,10,1310.74769993,0.639921021328,0.143353287409,0.94466891705,0.52184832175,0.414661939991,25,200,101,1810,9.05
heuristic,c107,10,1414.98890415,0.264555612105,0.774233689434,0.45615033221699997,0.568433948869,0.018789800436400002,25,200,101,1810,9.05
heuristic,c107,11,1816.5174555999997,0.617635497076,0.6120957227220001,0.616933996875,0.9437480785150001,0.681820299103,25,200,101,1810,9.05
heuristic,c107,12,1519.90472253,0.359507900574,0.437031953799,0.6976311959270001,0.060225471629300004,0.6667667154460001,25,200,101,1810,9.05
heuristic,c107,12,2223.3143428000003,0.670637869618,0.210382561074,0.128926297655,0.315428350924,0.36371077094300003,25,200,101,1810,9.05
heuristic,c108,11,1850.44711886,0.548813503927,0.7151893663719999,0.6027633760719999,0.544883182997,0.42365479933899997,25,200,101,1810,9.05
heuristic,c108,12,2618.54349243,0.645894113067,0.437587211263,0.891773000782,0.963662760501,0.383441518826,25,200,101,1810,9.05
heuristic,c108,12,2775.00434096,0.791725038083,0.528894919753,0.5680445610939999,0.925596638293,0.07103605819789999,25,200,101,1810,9.05
heuristic,c108,12,2792.05547402,0.08712929970149999,0.0202183974403,0.8326198455480001,0.77815675095,0.870012148247,25,200,101,1810,9.05
heuristic,c108,11,2566.36608617,0.9786183422329999,0.799158564217,0.461479362253,0.780529176286,0.118274425869,25,200,101,1810,9.05
heuristic,c108,11,2109.62435116,0.639921021328,0.143353287409,0.94466891705,0.52184832175,0.414661939991,25,200,101,1810,9.05
heuristic,c108,12,2111.50232629,0.264555612105,0.774233689434,0.45615033221699997,0.568433948869,0.018789800436400002,25,200,101,1810,9.05
heuristic,c108,12,2766.9803176,0.617635497076,0.6120957227220001,0.616933996875,0.9437480785150001,0.681820299103,25,200,101,1810,9.05
heuristic,c108,11,1294.18515063,0.359507900574,0.437031953799,0.6976311959270001,0.060225471629300004,0.6667667154460001,25,200,101,1810,9.05
heuristic,c108,12,3041.9894519,0.670637869618,0.210382561074,0.128926297655,0.315428350924,0.36371077094300003,25,200,101,1810,9.05
heuristic,c109,10,1460.84246051,0.548813503927,0.7151893663719999,0.6027633760719999,0.544883182997,0.42365479933899997,25,200,101,1810,9.05
heuristic,c109,11,1935.89760044,0.645894113067,0.437587211263,0.891773000782,0.963662760501,0.383441518826,25,200,101,1810,9.05
heuristic,c109,11,1737.20803649,0.791725038083,0.528894919753,0.5680445610939999,0.925596638293,0.07103605819789999,25,200,101,1810,9.05
heuristic,c109,11,2207.33384733,0.08712929970149999,0.0202183974403,0.8326198455480001,0.77815675095,0.870012148247,25,200,101,1810,9.05
heuristic,c109,11,1664.64476726,0.9786183422329999,0.799158564217,0.461479362253,0.780529176286,0.118274425869,25,200,101,1810,9.05
heuristic,c109,10,1489.80820206,0.639921021328,0.143353287409,0.94466891705,0.52184832175,0.414661939991,25,200,101,1810,9.05
heuristic,c109,10,1556.25591712,0.264555612105,0.774233689434,0.45615033221699997,0.568433948869,0.018789800436400002,25,200,101,1810,9.05
heuristic,c109,11,2092.85032039,0.617635497076,0.6120957227220001,0.616933996875,0.9437480785150001,0.681820299103,25,200,101,1810,9.05
heuristic,c109,10,1395.10324343,0.359507900574,0.437031953799,0.6976311959270001,0.060225471629300004,0.6667667154460001,25,200,101,1810,9.05
heuristic,c109,11,2423.25343891,0.670637869618,0.210382561074,0.128926297655,0.315428350924,0.36371077094300003,25,200,101,1810,9.05
heuristic,c201,3,730.095993585,0.548813503927,0.7151893663719999,0.6027633760719999,0.544883182997,0.42365479933899997,25,700,101,1810,2.5857142857142863
heuristic,c201,3,857.3307468789999,0.645894113067,0.437587211263,0.891773000782,0.963662760501,0.383441518826,25,700,101,1810,2.5857142857142863
heuristic,c201,3,834.282927103,0.791725038083,0.528894919753,0.5680445610939999,0.925596638293,0.07103605819789999,25,700,101,1810,2.5857142857142863
heuristic,c201,4,888.270892472,0.08712929970149999,0.0202183974403,0.8326198455480001,0.77815675095,0.870012148247,25,700,101,1810,2.5857142857142863
heuristic,c201,3,779.901667492,0.9786183422329999,0.799158564217,0.461479362253,0.780529176286,0.118274425869,25,700,101,1810,2.5857142857142863
heuristic,c201,3,730.095993585,0.639921021328,0.143353287409,0.94466891705,0.52184832175,0.414661939991,25,700,101,1810,2.5857142857142863
heuristic,c201,3,762.0539601869999,0.264555612105,0.774233689434,0.45615033221699997,0.568433948869,0.018789800436400002,25,700,101,1810,2.5857142857142863
heuristic,c201,4,932.556851918,0.617635497076,0.6120957227220001,0.616933996875,0.9437480785150001,0.681820299103,25,700,101,1810,2.5857142857142863
heuristic,c201,4,903.52034998,0.359507900574,0.437031953799,0.6976311959270001,0.060225471629300004,0.6667667154460001,25,700,101,1810,2.5857142857142863
heuristic,c201,4,888.270892472,0.670637869618,0.210382561074,0.128926297655,0.315428350924,0.36371077094300003,25,700,101,1810,2.5857142857142863
heuristic,c202,4,1782.74854672,0.548813503927,0.7151893663719999,0.6027633760719999,0.544883182997,0.42365479933899997,25,700,101,1810,2.5857142857142863
heuristic,c202,4,1985.49762472,0.645894113067,0.437587211263,0.891773000782,0.963662760501,0.383441518826,25,700,101,1810,2.5857142857142863
heuristic,c202,4,1658.13295624,0.791725038083,0.528894919753,0.5680445610939999,0.925596638293,0.07103605819789999,25,700,101,1810,2.5857142857142863
heuristic,c202,4,2436.62745152,0.08712929970149999,0.0202183974403,0.8326198455480001,0.77815675095,0.870012148247,25,700,101,1810,2.5857142857142863
heuristic,c202,4,1647.12737536,0.9786183422329999,0.799158564217,0.461479362253,0.780529176286,0.118274425869,25,700,101,1810,2.5857142857142863
heuristic,c202,4,1757.35545755,0.639921021328,0.143353287409,0.94466891705,0.52184832175,0.414661939991,25,700,101,1810,2.5857142857142863
heuristic,c202,4,1448.4492945999998,0.264555612105,0.774233689434,0.45615033221699997,0.568433948869,0.018789800436400002,25,700,101,1810,2.5857142857142863
heuristic,c202,4,2010.49329999,0.617635497076,0.6120957227220001,0.616933996875,0.9437480785150001,0.681820299103,25,700,101,1810,2.5857142857142863
heuristic,c202,4,1456.90186053,0.359507900574,0.437031953799,0.6976311959270001,0.060225471629300004,0.6667667154460001,25,700,101,1810,2.5857142857142863
heuristic,c202,4,2439.98807392,0.670637869618,0.210382561074,0.128926297655,0.315428350924,0.36371077094300003,25,700,101,1810,2.5857142857142863
heuristic,c203,4,2029.95839855,0.548813503927,0.7151893663719999,0.6027633760719999,0.544883182997,0.42365479933899997,25,700,101,1810,2.5857142857142863
heuristic,c203,4,2103.19717416,0.645894113067,0.437587211263,0.891773000782,0.963662760501,0.383441518826,25,700,101,1810,2.5857142857142863
heuristic,c203,5,2361.77545993,0.791725038083,0.528894919753,0.5680445610939999,0.925596638293,0.07103605819789999,25,700,101,1810,2.5857142857142863
heuristic,c203,4,2661.98164113,0.08712929970149999,0.0202183974403,0.8326198455480001,0.77815675095,0.870012148247,25,700,101,1810,2.5857142857142863
heuristic,c203,5,2053.91172016,0.9786183422329999,0.799158564217,0.461479362253,0.780529176286,0.118274425869,25,700,101,1810,2.5857142857142863
heuristic,c203,4,2107.00229968,0.639921021328,0.143353287409,0.94466891705,0.52184832175,0.414661939991,25,700,101,1810,2.5857142857142863
heuristic,c203,4,1993.68623551,0.264555612105,0.774233689434,0.45615033221699997,0.568433948869,0.018789800436400002,25,700,101,1810,2.5857142857142863
heuristic,c203,4,2089.89978753,0.617635497076,0.6120957227220001,0.616933996875,0.9437480785150001,0.681820299103,25,700,101,1810,2.5857142857142863
heuristic,c203,4,1333.37161804,0.359507900574,0.437031953799,0.6976311959270001,0.060225471629300004,0.6667667154460001,25,700,101,1810,2.5857142857142863
heuristic,c203,5,2783.31020187,0.670637869618,0.210382561074,0.128926297655,0.315428350924,0.36371077094300003,25,700,101,1810,2.5857142857142863
heuristic,c204,4,1545.43514173,0.548813503927,0.7151893663719999,0.6027633760719999,0.544883182997,0.42365479933899997,25,700,101,1810,2.5857142857142863
heuristic,c204,4,1986.0755752999999,0.645894113067,0.437587211263,0.891773000782,0.963662760501,0.383441518826,25,700,101,1810,2.5857142857142863
heuristic,c204,4,2149.82227394,0.791725038083,0.528894919753,0.5680445610939999,0.925596638293,0.07103605819789999,25,700,101,1810,2.5857142857142863
heuristic,c204,5,2815.4060117,0.08712929970149999,0.0202183974403,0.8326198455480001,0.77815675095,0.870012148247,25,700,101,1810,2.5857142857142863
heuristic,c204,4,1830.45060838,0.9786183422329999,0.799158564217,0.461479362253,0.780529176286,0.118274425869,25,700,101,1810,2.5857142857142863
heuristic,c204,4,1920.29269967,0.639921021328,0.143353287409,0.94466891705,0.52184832175,0.414661939991,25,700,101,1810,2.5857142857142863
heuristic,c204,4,1573.11916776,0.264555612105,0.774233689434,0.45615033221699997,0.568433948869,0.018789800436400002,25,700,101,1810,2.5857142857142863
heuristic,c204,4,2131.19395477,0.617635497076,0.6120957227220001,0.616933996875,0.9437480785150001,0.681820299103,25,700,101,1810,2.5857142857142863
heuristic,c204,4,1513.77299486,0.359507900574,0.437031953799,0.6976311959270001,0.060225471629300004,0.6667667154460001,25,700,101,1810,2.5857142857142863
heuristic,c204,5,3006.19039399,0.670637869618,0.210382561074,0.128926297655,0.315428350924,0.36371077094300003,25,700,101,1810,2.5857142857142863
heuristic,c205,3,776.4083238689999,0.548813503927,0.7151893663719999,0.6027633760719999,0.544883182997,0.42365479933899997,25,700,101,1810,2.5857142857142863
heuristic,c205,3,772.7044235610001,0.645894113067,0.437587211263,0.891773000782,0.963662760501,0.383441518826,25,700,101,1810,2.5857142857142863
heuristic,c205,3,753.9358627519999,0.791725038083,0.528894919753,0.5680445610939999,0.925596638293,0.07103605819789999,25,700,101,1810,2.5857142857142863
heuristic,c205,4,1073.36992348,0.08712929970149999,0.0202183974403,0.8326198455480001,0.77815675095,0.870012148247,25,700,101,1810,2.5857142857142863
heuristic,c205,3,753.9358627519999,0.9786183422329999,0.799158564217,0.461479362253,0.780529176286,0.118274425869,25,700,101,1810,2.5857142857142863
heuristic,c205,3,772.7044235610001,0.639921021328,0.143353287409,0.94466891705,0.52184832175,0.414661939991,25,700,101,1810,2.5857142857142863
heuristic,c205,3,728.337568538,0.264555612105,0.774233689434,0.45615033221699997,0.568433948869,0.018789800436400002,25,700,101,1810,2.5857142857142863
heuristic,c205,3,866.1743390830001,0.617635497076,0.6120957227220001,0.616933996875,0.9437480785150001,0.681820299103,25,700,101,1810,2.5857142857142863
heuristic,c205,3,762.593704602,0.359507900574,0.437031953799,0.6976311959270001,0.060225471629300004,0.6667667154460001,25,700,101,1810,2.5857142857142863
heuristic,c205,4,1073.36992348,0.670637869618,0.210382561074,0.128926297655,0.315428350924,0.36371077094300003,25,700,101,1810,2.5857142857142863
heuristic,c206,4,1335.23140011,0.548813503927,0.7151893663719999,0.6027633760719999,0.544883182997,0.42365479933899997,25,700,101,1810,2.5857142857142863
heuristic,c206,4,2558.0425009,0.645894113067,0.437587211263,0.891773000782,0.963662760501,0.383441518826,25,700,101,1810,2.5857142857142863
heuristic,c206,4,2910.48013542,0.791725038083,0.528894919753,0.5680445610939999,0.925596638293,0.07103605819789999,25,700,101,1810,2.5857142857142863
heuristic,c206,4,2175.70793271,0.08712929970149999,0.0202183974403,0.8326198455480001,0.77815675095,0.870012148247,25,700,101,1810,2.5857142857142863
heuristic,c206,4,2043.15768075,0.9786183422329999,0.799158564217,0.461479362253,0.780529176286,0.118274425869,25,700,101,1810,2.5857142857142863
heuristic,c206,4,1816.19296106,0.639921021328,0.143353287409,0.94466891705,0.52184832175,0.414661939991,25,700,101,1810,2.5857142857142863
heuristic,c206,4,1319.50166972,0.264555612105,0.774233689434,0.45615033221699997,0.568433948869,0.018789800436400002,25,700,101,1810,2.5857142857142863
heuristic,c206,4,2358.41085187,0.617635497076,0.6120957227220001,0.616933996875,0.9437480785150001,0.681820299103,25,700,101,1810,2.5857142857142863
heuristic,c206,4,851.060526933,0.359507900574,0.437031953799,0.6976311959270001,0.060225471629300004,0.6667667154460001,25,700,101,1810,2.5857142857142863
heuristic,c206,4,2696.28475546,0.670637869618,0.210382561074,0.128926297655,0.315428350924,0.36371077094300003,25,700,101,1810,2.5857142857142863
heuristic,c207,4,1745.99317276,0.548813503927,0.7151893663719999,0.6027633760719999,0.544883182997,0.42365479933899997,25,700,101,1810,2.5857142857142863
heuristic,c207,4,2225.90142445,0.645894113067,0.437587211263,0.891773000782,0.963662760501,0.383441518826,25,700,101,1810,2.5857142857142863
heuristic,c207,4,2605.00386545,0.791725038083,0.528894919753,0.5680445610939999,0.925596638293,0.07103605819789999,25,700,101,1810,2.5857142857142863
heuristic,c207,5,3228.95039714,0.08712929970149999,0.0202183974403,0.8326198455480001,0.77815675095,0.870012148247,25,700,101,1810,2.5857142857142863
heuristic,c207,4,1887.22436809,0.9786183422329999,0.799158564217,0.461479362253,0.780529176286,0.118274425869,25,700,101,1810,2.5857142857142863
heuristic,c207,4,1639.20138706,0.639921021328,0.143353287409,0.94466891705,0.52184832175,0.414661939991,25,700,101,1810,2.5857142857142863
heuristic,c207,4,1595.31080442,0.264555612105,0.774233689434,0.45615033221699997,0.568433948869,0.018789800436400002,25,700,101,1810,2.5857142857142863
heuristic,c207,4,2751.85101086,0.617635497076,0.6120957227220001,0.616933996875,0.9437480785150001,0.681820299103,25,700,101,1810,2.5857142857142863
heuristic,c207,3,772.620518775,0.359507900574,0.437031953799,0.6976311959270001,0.060225471629300004,0.6667667154460001,25,700,101,1810,2.5857142857142863
heuristic,c207,5,3313.40715486,0.670637869618,0.210382561074,0.128926297655,0.315428350924,0.36371077094300003,25,700,101,1810,2.5857142857142863
heuristic,c208,4,879.680127944,0.548813503927,0.7151893663719999,0.6027633760719999,0.544883182997,0.42365479933899997,25,700,101,1810,2.5857142857142863
heuristic,c208,3,937.470849355,0.645894113067,0.437587211263,0.891773000782,0.963662760501,0.383441518826,25,700,101,1810,2.5857142857142863
heuristic,c208,3,808.793330325,0.791725038083,0.528894919753,0.5680445610939999,0.925596638293,0.07103605819789999,25,700,101,1810,2.5857142857142863
heuristic,c208,4,1307.77693084,0.08712929970149999,0.0202183974403,0.8326198455480001,0.77815675095,0.870012148247,25,700,101,1810,2.5857142857142863
heuristic,c208,3,807.2575776169999,0.9786183422329999,0.799158564217,0.461479362253,0.780529176286,0.118274425869,25,700,101,1810,2.5857142857142863
heuristic,c208,4,922.1995292519999,0.639921021328,0.143353287409,0.94466891705,0.52184832175,0.414661939991,25,700,101,1810,2.5857142857142863
heuristic,c208,3,792.867122692,0.264555612105,0.774233689434,0.45615033221699997,0.568433948869,0.018789800436400002,25,700,101,1810,2.5857142857142863
heuristic,c208,4,1285.83895951,0.617635497076,0.6120957227220001,0.616933996875,0.9437480785150001,0.681820299103,25,700,101,1810,2.5857142857142863
heuristic,c208,3,751.74201285,0.359507900574,0.437031953799,0.6976311959270001,0.060225471629300004,0.6667667154460001,25,700,101,1810,2.5857142857142863
heuristic,c208,4,1307.77693084,0.670637869618,0.210382561074,0.128926297655,0.315428350924,0.36371077094300003,25,700,101,1810,2.5857142857142863
heuristic,r101,22,2146.12212135,0.548813503927,0.7151893663719999,0.6027633760719999,0.544883182997,0.42365479933899997,25,200,101,1458,7.29
heuristic,r101,22,2216.58149305,0.645894113067,0.437587211263,0.891773000782,0.963662760501,0.383441518826,25,200,101,1458,7.29
heuristic,r101,23,2397.68851316,0.791725038083,0.528894919753,0.5680445610939999,0.925596638293,0.07103605819789999,25,200,101,1458,7.29
heuristic,r101,23,2539.043778,0.08712929970149999,0.0202183974403,0.8326198455480001,0.77815675095,0.870012148247,25,200,101,1458,7.29
heuristic,r101,23,2204.32096181,0.9786183422329999,0.799158564217,0.461479362253,0.780529176286,0.118274425869,25,200,101,1458,7.29
heuristic,r101,22,2239.6944673,0.639921021328,0.143353287409,0.94466891705,0.52184832175,0.414661939991,25,200,101,1458,7.29
heuristic,r101,22,2114.76615983,0.264555612105,0.774233689434,0.45615033221699997,0.568433948869,0.018789800436400002,25,200,101,1458,7.29
heuristic,r101,22,2238.05868227,0.617635497076,0.6120957227220001,0.616933996875,0.9437480785150001,0.681820299103,25,200,101,1458,7.29
heuristic,r101,22,2055.21662948,0.359507900574,0.437031953799,0.6976311959270001,0.060225471629300004,0.6667667154460001,25,200,101,1458,7.29
heuristic,r101,23,2455.5168193000004,0.670637869618,0.210382561074,0.128926297655,0.315428350924,0.36371077094300003,25,200,101,1458,7.29
heuristic,r102,20,2067.87330164,0.548813503927,0.7151893663719999,0.6027633760719999,0.544883182997,0.42365479933899997,25,200,101,1458,7.29
heuristic,r102,20,2145.58227203,0.645894113067,0.437587211263,0.891773000782,0.963662760501,0.383441518826,25,200,101,1458,7.29
heuristic,r102,20,2268.30822913,0.791725038083,0.528894919753,0.5680445610939999,0.925596638293,0.07103605819789999,25,200,101,1458,7.29
heuristic,r102,21,2605.83782124,0.08712929970149999,0.0202183974403,0.8326198455480001,0.77815675095,0.870012148247,25,200,101,1458,7.29
heuristic,r102,20,2097.84390669,0.9786183422329999,0.799158564217,0.461479362253,0.780529176286,0.118274425869,25,200,101,1458,7.29
heuristic,r102,20,2107.20453468,0.639921021328,0.143353287409,0.94466891705,0.52184832175,0.414661939991,25,200,101,1458,7.29
heuristic,r102,20,1910.10355502,0.264555612105,0.774233689434,0.45615033221699997,0.568433948869,0.018789800436400002,25,200,101,1458,7.29
heuristic,r102,20,2143.27414845,0.617635497076,0.6120957227220001,0.616933996875,0.9437480785150001,0.681820299103,25,200,101,1458,7.29
heuristic,r102,22,2123.64028159,0.359507900574,0.437031953799,0.6976311959270001,0.060225471629300004,0.6667667154460001,25,200,101,1458,7.29
heuristic,r102,20,2533.23149295,0.670637869618,0.210382561074,0.128926297655,0.315428350924,0.36371077094300003,25,200,101,1458,7.29
heuristic,r103,17,1818.54862868,0.548813503927,0.7151893663719999,0.6027633760719999,0.544883182997,0.42365479933899997,25,200,101,1458,7.29
heuristic,r103,17,1992.31971445,0.645894113067,0.437587211263,0.891773000782,0.963662760501,0.383441518826,25,200,101,1458,7.29
heuristic,r103,18,2151.15955007,0.791725038083,0.528894919753,0.5680445610939999,0.925596638293,0.07103605819789999,25,200,101,1458,7.29
heuristic,r103,20,2693.42145405,0.08712929970149999,0.0202183974403,0.8326198455480001,0.77815675095,0.870012148247,25,200,101,1458,7.29
heuristic,r103,16,1803.19222904,0.9786183422329999,0.799158564217,0.461479362253,0.780529176286,0.118274425869,25,200,101,1458,7.29
heuristic,r103,16,2006.30336785,0.639921021328,0.143353287409,0.94466891705,0.52184832175,0.414661939991,25,200,101,1458,7.29
heuristic,r103,16,1678.85074816,0.264555612105,0.774233689434,0.45615033221699997,0.568433948869,0.018789800436400002,25,200,101,1458,7.29
heuristic,r103,19,2220.59044262,0.617635497076,0.6120957227220001,0.616933996875,0.9437480785150001,0.681820299103,25,200,101,1458,7.29
heuristic,r103,18,1777.804218,0.359507900574,0.437031953799,0.6976311959270001,0.060225471629300004,0.6667667154460001,25,200,101,1458,7.29
heuristic,r103,20,2672.15202668,0.670637869618,0.210382561074,0.128926297655,0.315428350924,0.36371077094300003,25,200,101,1458,7.29
heuristic,r104,14,1632.97490632,0.548813503927,0.7151893663719999,0.6027633760719999,0.544883182997,0.42365479933899997,25,200,101,1458,7.29
heuristic,r104,15,1717.18851892,0.645894113067,0.437587211263,0.891773000782,0.963662760501,0.383441518826,25,200,101,1458,7.29
heuristic,r104,16,2042.16462174,0.791725038083,0.528894919753,0.5680445610939999,0.925596638293,0.07103605819789999,25,200,101,1458,7.29
heuristic,r104,18,2680.51431382,0.08712929970149999,0.0202183974403,0.8326198455480001,0.77815675095,0.870012148247,25,200,101,1458,7.29
heuristic,r104,14,1585.2242824,0.9786183422329999,0.799158564217,0.461479362253,0.780529176286,0.118274425869,25,200,101,1458,7.29
heuristic,r104,15,1807.46196139,0.639921021328,0.143353287409,0.94466891705,0.52184832175,0.414661939991,25,200,101,1458,7.29
heuristic,r104,13,1409.21231709,0.264555612105,0.774233689434,0.45615033221699997,0.568433948869,0.018789800436400002,25,200,101,1458,7.29
heuristic,r104,16,2040.08200901,0.617635497076,0.6120957227220001,0.616933996875,0.9437480785150001,0.681820299103,25,200,101,1458,7.29
heuristic,r104,15,1604.39788666,0.359507900574,0.437031953799,0.6976311959270001,0.060225471629300004,0.6667667154460001,25,200,101,1458,7.29
heuristic,r104,18,2628.59854131,0.670637869618,0.210382561074,0.128926297655,0.315428350924,0.36371077094300003,25,200,101,1458,7.29
heuristic,r105,17,1919.71760965,0.548813503927,0.7151893663719999,0.6027633760719999,0.544883182997,0.42365479933899997,25,200,101,1458,7.29
heuristic,r105,18,2184.75623327,0.645894113067,0.437587211263,0.891773000782,0.963662760501,0.383441518826,25,200,101,1458,7.29
heuristic,r105,20,2259.60275243,0.791725038083,0.528894919753,0.5680445610939999,0.925596638293,0.07103605819789999,25,200,101,1458,7.29
heuristic,r105,19,2263.40859028,0.08712929970149999,0.0202183974403,0.8326198455480001,0.77815675095,0.870012148247,25,200,101,1458,7.29
heuristic,r105,19,2105.63632747,0.9786183422329999,0.799158564217,0.461479362253,0.780529176286,0.118274425869,25,200,101,1458,7.29
heuristic,r105,18,1930.49875928,0.639921021328,0.143353287409,0.94466891705,0.52184832175,0.414661939991,25,200,101,1458,7.29
heuristic,r105,19,2064.28250589,0.264555612105,0.774233689434,0.45615033221699997,0.568433948869,0.018789800436400002,25,200,101,1458,7.29
heuristic,r105,18,2135.82430714,0.617635497076,0.6120957227220001,0.616933996875,0.9437480785150001,0.681820299103,25,200,101,1458,7.29
heuristic,r105,17,1895.58281209,0.359507900574,0.437031953799,0.6976311959270001,0.060225471629300004,0.6667667154460001,25,200,101,1458,7.29
heuristic,r105,20,2358.75326569,0.670637869618,0.210382561074,0.128926297655,0.315428350924,0.36371077094300003,25,200,101,1458,7.29
heuristic,r106,15,1779.99908508,0.548813503927,0.7151893663719999,0.6027633760719999,0.544883182997,0.42365479933899997,25,200,101,1458,7.29
heuristic,r106,15,1989.12441033,0.645894113067,0.437587211263,0.891773000782,0.963662760501,0.383441518826,25,200,101,1458,7.29
heuristic,r106,16,2186.58909324,0.791725038083,0.528894919753,0.5680445610939999,0.925596638293,0.07103605819789999,25,200,101,1458,7.29
heuristic,r106,18,2396.19286751,0.08712929970149999,0.0202183974403,0.8326198455480001,0.77815675095,0.870012148247,25,200,101,1458,7.29
heuristic,r106,14,1776.81933592,0.9786183422329999,0.799158564217,0.461479362253,0.780529176286,0.118274425869,25,200,101,1458,7.29
heuristic,r106,14,1892.11734109,0.639921021328,0.143353287409,0.94466891705,0.52184832175,0.414661939991,25,200,101,1458,7.29
heuristic,r106,14,1703.89850747,0.264555612105,0.774233689434,0.45615033221699997,0.568433948869,0.018789800436400002,25,200,101,1458,7.29
heuristic,r106,16,2068.35729509,0.617635497076,0.6120957227220001,0.616933996875,0.9437480785150001,0.681820299103,25,200,101,1458,7.29
heuristic,r106,16,1854.55057444,0.359507900574,0.437031953799,0.6976311959270001,0.060225471629300004,0.6667667154460001,25,200,101,1458,7.29
heuristic,r106,17,2399.10795014,0.670637869618,0.210382561074,0.128926297655,0.315428350924,0.36371077094300003,25,200,101,1458,7.29
heuristic,r107,14,1650.61226548,0.548813503927,0.7151893663719999,0.6027633760719999,0.544883182997,0.42365479933899997,25,200,101,1458,7.29
heuristic,r107,14,1908.4236165999998,0.645894113067,0.437587211263,0.891773000782,0.963662760501,0.383441518826,25,200,101,1458,7.29
heuristic,r107,15,2115.18981983,0.791725038083,0.528894919753,0.5680445610939999,0.925596638293,0.07103605819789999,25,200,101,1458,7.29
heuristic,r107,18,2501.07798767,0.08712929970149999,0.0202183974403,0.8326198455480001,0.77815675095,0.870012148247,25,200,101,1458,7.29
heuristic,r107,15,1747.06330294,0.9786183422329999,0.799158564217,0.461479362253,0.780529176286,0.118274425869,25,200,101,1458,7.29
heuristic,r107,14,1757.12920494,0.639921021328,0.143353287409,0.94466891705,0.52184832175,0.414661939991,25,200,101,1458,7.29
heuristic,r107,14,1626.23890142,0.264555612105,0.774233689434,0.45615033221699997,0.568433948869,0.018789800436400002,25,200,101,1458,7.29
heuristic,r107,15,2032.06648719,0.617635497076,0.6120957227220001,0.616933996875,0.9437480785150001,0.681820299103,25,200,101,1458,7.29
heuristic,r107,14,1615.13941774,0.359507900574,0.437031953799,0.6976311959270001,0.060225471629300004,0.6667667154460001,25,200,101,1458,7.29
heuristic,r107,18,2633.92048084,0.670637869618,0.210382561074,0.128926297655,0.315428350924,0.36371077094300003,25,200,101,1458,7.29
heuristic,r108,13,1526.98532555,0.548813503927,0.7151893663719999,0.6027633760719999,0.544883182997,0.42365479933899997,25,200,101,1458,7.29
heuristic,r108,14,1764.83204433,0.645894113067,0.437587211263,0.891773000782,0.963662760501,0.383441518826,25,200,101,1458,7.29
heuristic,r108,16,2169.63118512,0.791725038083,0.528894919753,0.5680445610939999,0.925596638293,0.07103605819789999,25,200,101,1458,7.29
heuristic,r108,17,2434.32836123,0.08712929970149999,0.0202183974403,0.8326198455480001,0.77815675095,0.870012148247,25,200,101,1458,7.29
heuristic,r108,14,1635.49936288,0.9786183422329999,0.799158564217,0.461479362253,0.780529176286,0.118274425869,25,200,101,1458,7.29
heuristic,r108,13,1669.15381339,0.639921021328,0.143353287409,0.94466891705,0.52184832175,0.414661939991,25,200,101,1458,7.29
heuristic,r108,12,1350.70749727,0.264555612105,0.774233689434,0.45615033221699997,0.568433948869,0.018789800436400002,25,200,101,1458,7.29
heuristic,r108,15,1921.62368215,0.617635497076,0.6120957227220001,0.616933996875,0.9437480785150001,0.681820299103,25,200,101,1458,7.29
heuristic,r108,13,1498.96863785,0.359507900574,0.437031953799,0.6976311959270001,0.060225471629300004,0.6667667154460001,25,200,101,1458,7.29
heuristic,r108,18,2605.75822111,0.670637869618,0.210382561074,0.128926297655,0.315428350924,0.36371077094300003,25,200,101,1458,7.29
heuristic,r109,14,1751.13270493,0.548813503927,0.7151893663719999,0.6027633760719999,0.544883182997,0.42365479933899997,25,200,101,1458,7.29
heuristic,r109,16,2125.04199456,0.645894113067,0.437587211263,0.891773000782,0.963662760501,0.383441518826,25,200,101,1458,7.29
heuristic,r109,16,1997.363641,0.791725038083,0.528894919753,0.5680445610939999,0.925596638293,0.07103605819789999,25,200,101,1458,7.29
heuristic,r109,17,2443.72271537,0.08712929970149999,0.0202183974403,0.8326198455480001,0.77815675095,0.870012148247,25,200,101,1458,7.29
heuristic,r109,15,1903.51911997,0.9786183422329999,0.799158564217,0.461479362253,0.780529176286,0.118274425869,25,200,101,1458,7.29
heuristic,r109,14,1800.61020102,0.639921021328,0.143353287409,0.94466891705,0.52184832175,0.414661939991,25,200,101,1458,7.29
heuristic,r109,15,1713.94595355,0.264555612105,0.774233689434,0.45615033221699997,0.568433948869,0.018789800436400002,25,200,101,1458,7.29
heuristic,r109,16,2169.79613966,0.617635497076,0.6120957227220001,0.616933996875,0.9437480785150001,0.681820299103,25,200,101,1458,7.29
heuristic,r109,15,1786.27409414,0.359507900574,0.437031953799,0.6976311959270001,0.060225471629300004,0.6667667154460001,25,200,101,1458,7.29
heuristic,r109,18,2476.82154,0.670637869618,0.210382561074,0.128926297655,0.315428350924,0.36371077094300003,25,200,101,1458,7.29
heuristic,r110,15,1910.96095573,0.548813503927,0.7151893663719999,0.6027633760719999,0.544883182997,0.42365479933899997,25,200,101,1458,7.29
heuristic,r110,15,2206.11172727,0.645894113067,0.437587211263,0.891773000782,0.963662760501,0.383441518826,25,200,101,1458,7.29
heuristic,r110,16,2253.11093885,0.791725038083,0.528894919753,0.5680445610939999,0.925596638293,0.07103605819789999,25,200,101,1458,7.29
heuristic,r110,17,2537.16071721,0.08712929970149999,0.0202183974403,0.8326198455480001,0.77815675095,0.870012148247,25,200,101,1458,7.29
heuristic,r110,14,1990.52628725,0.9786183422329999,0.799158564217,0.461479362253,0.780529176286,0.118274425869,25,200,101,1458,7.29
heuristic,r110,14,1954.93680981,0.639921021328,0.143353287409,0.94466891705,0.52184832175,0.414661939991,25,200,101,1458,7.29
heuristic,r110,15,1841.57413633,0.264555612105,0.774233689434,0.45615033221699997,0.568433948869,0.018789800436400002,25,200,101,1458,7.29
heuristic,r110,16,2134.80093331,0.617635497076,0.6120957227220001,0.616933996875,0.9437480785150001,0.681820299103,25,200,101,1458,7.29
heuristic,r110,14,1689.54655469,0.359507900574,0.437031953799,0.6976311959270001,0.060225471629300004,0.6667667154460001,25,200,101,1458,7.29
heuristic,r110,17,2579.60798327,0.670637869618,0.210382561074,0.128926297655,0.315428350924,0.36371077094300003,25,200,101,1458,7.29
heuristic,r111,13,1634.5434400000001,0.548813503927,0.7151893663719999,0.6027633760719999,0.544883182997,0.42365479933899997,25,200,101,1458,7.29
heuristic,r111,15,2050.3165519,0.645894113067,0.437587211263,0.891773000782,0.963662760501,0.383441518826,25,200,101,1458,7.29
heuristic,r111,15,2009.95046286,0.791725038083,0.528894919753,0.5680445610939999,0.925596638293,0.07103605819789999,25,200,101,1458,7.29
heuristic,r111,17,2603.0673258,0.08712929970149999,0.0202183974403,0.8326198455480001,0.77815675095,0.870012148247,25,200,101,1458,7.29
heuristic,r111,14,1823.61792597,0.9786183422329999,0.799158564217,0.461479362253,0.780529176286,0.118274425869,25,200,101,1458,7.29
heuristic,r111,14,1910.68480559,0.639921021328,0.143353287409,0.94466891705,0.52184832175,0.414661939991,25,200,101,1458,7.29
heuristic,r111,14,1694.13863749,0.264555612105,0.774233689434,0.45615033221699997,0.568433948869,0.018789800436400002,25,200,101,1458,7.29
heuristic,r111,15,2090.10164413,0.617635497076,0.6120957227220001,0.616933996875,0.9437480785150001,0.681820299103,25,200,101,1458,7.29
heuristic,r111,14,1751.42932552,0.359507900574,0.437031953799,0.6976311959270001,0.060225471629300004,0.6667667154460001,25,200,101,1458,7.29
heuristic,r111,17,2489.70738502,0.670637869618,0.210382561074,0.128926297655,0.315428350924,0.36371077094300003,25,200,101,1458,7.29
heuristic,r112,12,1513.29930469,0.548813503927,0.7151893663719999,0.6027633760719999,0.544883182997,0.42365479933899997,25,200,101,1458,7.29
heuristic,r112,14,1934.14406465,0.645894113067,0.437587211263,0.891773000782,0.963662760501,0.383441518826,25,200,101,1458,7.29
heuristic,r112,14,2076.5976392000002,0.791725038083,0.528894919753,0.5680445610939999,0.925596638293,0.07103605819789999,25,200,101,1458,7.29
heuristic,r112,16,2355.30516392,0.08712929970149999,0.0202183974403,0.8326198455480001,0.77815675095,0.870012148247,25,200,101,1458,7.29
heuristic,r112,13,1657.5499113,0.9786183422329999,0.799158564217,0.461479362253,0.780529176286,0.118274425869,25,200,101,1458,7.29
heuristic,r112,12,1596.86833668,0.639921021328,0.143353287409,0.94466891705,0.52184832175,0.414661939991,25,200,101,1458,7.29
heuristic,r112,12,1504.95107084,0.264555612105,0.774233689434,0.45615033221699997,0.568433948869,0.018789800436400002,25,200,101,1458,7.29
heuristic,r112,14,2026.46553658,0.617635497076,0.6120957227220001,0.616933996875,0.9437480785150001,0.681820299103,25,200,101,1458,7.29
heuristic,r112,12,1444.49339464,0.359507900574,0.437031953799,0.6976311959270001,0.060225471629300004,0.6667667154460001,25,200,101,1458,7.29
heuristic,r112,18,2884.19469104,0.670637869618,0.210382561074,0.128926297655,0.315428350924,0.36371077094300003,25,200,101,1458,7.29
heuristic,r201,5,2513.71731309,0.548813503927,0.7151893663719999,0.6027633760719999,0.544883182997,0.42365479933899997,25,1000,101,1458,1.4580000000000002
heuristic,r201,5,2521.44606349,0.645894113067,0.437587211263,0.891773000782,0.963662760501,0.383441518826,25,1000,101,1458,1.4580000000000002
heuristic,r201,6,2681.11598467,0.791725038083,0.528894919753,0.5680445610939999,0.925596638293,0.07103605819789999,25,1000,101,1458,1.4580000000000002
heuristic,r201,6,2755.50252988,0.08712929970149999,0.0202183974403,0.8326198455480001,0.77815675095,0.870012148247,25,1000,101,1458,1.4580000000000002
heuristic,r201,5,2510.28120092,0.9786183422329999,0.799158564217,0.461479362253,0.780529176286,0.118274425869,25,1000,101,1458,1.4580000000000002
heuristic,r201,5,2482.25707378,0.639921021328,0.143353287409,0.94466891705,0.52184832175,0.414661939991,25,1000,101,1458,1.4580000000000002
heuristic,r201,6,2341.27256558,0.264555612105,0.774233689434,0.45615033221699997,0.568433948869,0.018789800436400002,25,1000,101,1458,1.4580000000000002
heuristic,r201,6,2560.89726782,0.617635497076,0.6120957227220001,0.616933996875,0.9437480785150001,0.681820299103,25,1000,101,1458,1.4580000000000002
heuristic,r201,4,1942.12442392,0.359507900574,0.437031953799,0.6976311959270001,0.060225471629300004,0.6667667154460001,25,1000,101,1458,1.4580000000000002
heuristic,r201,6,2755.50252988,0.670637869618,0.210382561074,0.128926297655,0.315428350924,0.36371077094300003,25,1000,101,1458,1.4580000000000002
heuristic,r202,4,2066.69900157,0.548813503927,0.7151893663719999,0.6027633760719999,0.544883182997,0.42365479933899997,25,1000,101,1458,1.4580000000000002
heuristic,r202,5,2589.48973086,0.645894113067,0.437587211263,0.891773000782,0.963662760501,0.383441518826,25,1000,101,1458,1.4580000000000002
heuristic,r202,5,2417.54395001,0.791725038083,0.528894919753,0.5680445610939999,0.925596638293,0.07103605819789999,25,1000,101,1458,1.4580000000000002
heuristic,r202,5,2816.48380848,0.08712929970149999,0.0202183974403,0.8326198455480001,0.77815675095,0.870012148247,25,1000,101,1458,1.4580000000000002
heuristic,r202,5,2076.91309402,0.9786183422329999,0.799158564217,0.461479362253,0.780529176286,0.118274425869,25,1000,101,1458,1.4580000000000002
heuristic,r202,5,2046.52128351,0.639921021328,0.143353287409,0.94466891705,0.52184832175,0.414661939991,25,1000,101,1458,1.4580000000000002
heuristic,r202,5,2136.00375337,0.264555612105,0.774233689434,0.45615033221699997,0.568433948869,0.018789800436400002,25,1000,101,1458,1.4580000000000002
heuristic,r202,5,2366.03384663,0.617635497076,0.6120957227220001,0.616933996875,0.9437480785150001,0.681820299103,25,1000,101,1458,1.4580000000000002
heuristic,r202,4,1784.05326162,0.359507900574,0.437031953799,0.6976311959270001,0.060225471629300004,0.6667667154460001,25,1000,101,1458,1.4580000000000002
heuristic,r202,5,2791.84407296,0.670637869618,0.210382561074,0.128926297655,0.315428350924,0.36371077094300003,25,1000,101,1458,1.4580000000000002
heuristic,r203,4,1861.18466777,0.548813503927,0.7151893663719999,0.6027633760719999,0.544883182997,0.42365479933899997,25,1000,101,1458,1.4580000000000002
heuristic,r203,4,1995.47847969,0.645894113067,0.437587211263,0.891773000782,0.963662760501,0.383441518826,25,1000,101,1458,1.4580000000000002
heuristic,r203,5,2111.60488988,0.791725038083,0.528894919753,0.5680445610939999,0.925596638293,0.07103605819789999,25,1000,101,1458,1.4580000000000002
heuristic,r203,5,2513.7103938,0.08712929970149999,0.0202183974403,0.8326198455480001,0.77815675095,0.870012148247,25,1000,101,1458,1.4580000000000002
heuristic,r203,4,1921.44485412,0.9786183422329999,0.799158564217,0.461479362253,0.780529176286,0.118274425869,25,1000,101,1458,1.4580000000000002
heuristic,r203,4,2066.83583801,0.639921021328,0.143353287409,0.94466891705,0.52184832175,0.414661939991,25,1000,101,1458,1.4580000000000002
heuristic,r203,4,1709.62662073,0.264555612105,0.774233689434,0.45615033221699997,0.568433948869,0.018789800436400002,25,1000,101,1458,1.4580000000000002
heuristic,r203,4,2244.60099863,0.617635497076,0.6120957227220001,0.616933996875,0.9437480785150001,0.681820299103,25,1000,101,1458,1.4580000000000002
heuristic,r203,4,1815.71377981,0.359507900574,0.437031953799,0.6976311959270001,0.060225471629300004,0.6667667154460001,25,1000,101,1458,1.4580000000000002
heuristic,r203,5,2611.23148935,0.670637869618,0.210382561074,0.128926297655,0.315428350924,0.36371077094300003,25,1000,101,1458,1.4580000000000002
heuristic,r204,4,1589.52009228,0.548813503927,0.7151893663719999,0.6027633760719999,0.544883182997,0.42365479933899997,25,1000,101,1458,1.4580000000000002
heuristic,r204,4,1732.40065874,0.645894113067,0.437587211263,0.891773000782,0.963662760501,0.383441518826,25,1000,101,1458,1.4580000000000002
heuristic,r204,4,1855.58691077,0.791725038083,0.528894919753,0.5680445610939999,0.925596638293,0.07103605819789999,25,1000,101,1458,1.4580000000000002
heuristic,r204,5,2390.2778332,0.08712929970149999,0.0202183974403,0.8326198455480001,0.77815675095,0.870012148247,25,1000,101,1458,1.4580000000000002
heuristic,r204,4,1518.70666626,0.9786183422329999,0.799158564217,0.461479362253,0.780529176286,0.118274425869,25,1000,101,1458,1.4580000000000002
heuristic,r204,3,1478.12591842,0.639921021328,0.143353287409,0.94466891705,0.52184832175,0.414661939991,25,1000,101,1458,1.4580000000000002
heuristic,r204,4,1325.63392645,0.264555612105,0.774233689434,0.45615033221699997,0.568433948869,0.018789800436400002,25,1000,101,1458,1.4580000000000002
heuristic,r204,4,1943.00510543,0.617635497076,0.6120957227220001,0.616933996875,0.9437480785150001,0.681820299103,25,1000,101,1458,1.4580000000000002
heuristic,r204,3,1386.57411586,0.359507900574,0.437031953799,0.6976311959270001,0.060225471629300004,0.6667667154460001,25,1000,101,1458,1.4580000000000002
heuristic,r204,5,2549.61957198,0.670637869618,0.210382561074,0.128926297655,0.315428350924,0.36371077094300003,25,1000,101,1458,1.4580000000000002
heuristic,r205,4,2100.8246381999998,0.548813503927,0.7151893663719999,0.6027633760719999,0.544883182997,0.42365479933899997,25,1000,101,1458,1.4580000000000002
heuristic,r205,5,2722.98846948,0.645894113067,0.437587211263,0.891773000782,0.963662760501,0.383441518826,25,1000,101,1458,1.4580000000000002
heuristic,r205,5,2545.17606541,0.791725038083,0.528894919753,0.5680445610939999,0.925596638293,0.07103605819789999,25,1000,101,1458,1.4580000000000002
heuristic,r205,4,2504.05897278,0.08712929970149999,0.0202183974403,0.8326198455480001,0.77815675095,0.870012148247,25,1000,101,1458,1.4580000000000002
heuristic,r205,4,2298.27863256,0.9786183422329999,0.799158564217,0.461479362253,0.780529176286,0.118274425869,25,1000,101,1458,1.4580000000000002
heuristic,r205,4,2321.46662388,0.639921021328,0.143353287409,0.94466891705,0.52184832175,0.414661939991,25,1000,101,1458,1.4580000000000002
heuristic,r205,4,2136.40246621,0.264555612105,0.774233689434,0.45615033221699997,0.568433948869,0.018789800436400002,25,1000,101,1458,1.4580000000000002
heuristic,r205,4,2337.64079929,0.617635497076,0.6120957227220001,0.616933996875,0.9437480785150001,0.681820299103,25,1000,101,1458,1.4580000000000002
heuristic,r205,4,1604.59055704,0.359507900574,0.437031953799,0.6976311959270001,0.060225471629300004,0.6667667154460001,25,1000,101,1458,1.4580000000000002
heuristic,r205,5,2588.98331777,0.670637869618,0.210382561074,0.128926297655,0.315428350924,0.36371077094300003,25,1000,101,1458,1.4580000000000002
heuristic,r206,4,1995.54337417,0.548813503927,0.7151893663719999,0.6027633760719999,0.544883182997,0.42365479933899997,25,1000,101,1458,1.4580000000000002
heuristic,r206,4,2340.38658381,0.645894113067,0.437587211263,0.891773000782,0.963662760501,0.383441518826,25,1000,101,1458,1.4580000000000002
heuristic,r206,4,2389.04912763,0.791725038083,0.528894919753,0.5680445610939999,0.925596638293,0.07103605819789999,25,1000,101,1458,1.4580000000000002
heuristic,r206,5,2810.24763106,0.08712929970149999,0.0202183974403,0.8326198455480001,0.77815675095,0.870012148247,25,1000,101,1458,1.4580000000000002
heuristic,r206,4,2106.94015749,0.9786183422329999,0.799158564217,0.461479362253,0.780529176286,0.118274425869,25,1000,101,1458,1.4580000000000002
heuristic,r206,4,2262.20545538,0.639921021328,0.143353287409,0.94466891705,0.52184832175,0.414661939991,25,1000,101,1458,1.4580000000000002
heuristic,r206,4,1981.26995853,0.264555612105,0.774233689434,0.45615033221699997,0.568433948869,0.018789800436400002,25,1000,101,1458,1.4580000000000002
heuristic,r206,4,2437.12198454,0.617635497076,0.6120957227220001,0.616933996875,0.9437480785150001,0.681820299103,25,1000,101,1458,1.4580000000000002
heuristic,r206,3,1572.01952828,0.359507900574,0.437031953799,0.6976311959270001,0.060225471629300004,0.6667667154460001,25,1000,101,1458,1.4580000000000002
heuristic,r206,5,2891.81541588,0.670637869618,0.210382561074,0.128926297655,0.315428350924,0.36371077094300003,25,1000,101,1458,1.4580000000000002
heuristic,r207,4,1811.79793744,0.548813503927,0.7151893663719999,0.6027633760719999,0.544883182997,0.42365479933899997,25,1000,101,1458,1.4580000000000002
heuristic,r207,4,2117.00318019,0.645894113067,0.437587211263,0.891773000782,0.963662760501,0.383441518826,25,1000,101,1458,1.4580000000000002
heuristic,r207,4,2327.6844361,0.791725038083,0.528894919753,0.5680445610939999,0.925596638293,0.07103605819789999,25,1000,101,1458,1.4580000000000002
heuristic,r207,5,2752.12842443,0.08712929970149999,0.0202183974403,0.8326198455480001,0.77815675095,0.870012148247,25,1000,101,1458,1.4580000000000002
heuristic,r207,4,1822.24583489,0.9786183422329999,0.799158564217,0.461479362253,0.780529176286,0.118274425869,25,1000,101,1458,1.4580000000000002
heuristic,r207,4,1917.71481686,0.639921021328,0.143353287409,0.94466891705,0.52184832175,0.414661939991,25,1000,101,1458,1.4580000000000002
heuristic,r207,4,1693.18142408,0.264555612105,0.774233689434,0.45615033221699997,0.568433948869,0.018789800436400002,25,1000,101,1458,1.4580000000000002
heuristic,r207,4,2285.3143231,0.617635497076,0.6120957227220001,0.616933996875,0.9437480785150001,0.681820299103,25,1000,101,1458,1.4580000000000002
heuristic,r207,3,1581.32429555,0.359507900574,0.437031953799,0.6976311959270001,0.060225471629300004,0.6667667154460001,25,1000,101,1458,1.4580000000000002
heuristic,r207,5,2913.50459839,0.670637869618,0.210382561074,0.128926297655,0.315428350924,0.36371077094300003,25,1000,101,1458,1.4580000000000002
heuristic,r208,3,1441.85541731,0.548813503927,0.7151893663719999,0.6027633760719999,0.544883182997,0.42365479933899997,25,1000,101,1458,1.4580000000000002
heuristic,r208,4,1883.72366075,0.645894113067,0.437587211263,0.891773000782,0.963662760501,0.383441518826,25,1000,101,1458,1.4580000000000002
heuristic,r208,4,1895.41983956,0.791725038083,0.528894919753,0.5680445610939999,0.925596638293,0.07103605819789999,25,1000,101,1458,1.4580000000000002
heuristic,r208,4,2523.32515128,0.08712929970149999,0.0202183974403,0.8326198455480001,0.77815675095,0.870012148247,25,1000,101,1458,1.4580000000000002
heuristic,r208,3,1434.71572314,0.9786183422329999,0.799158564217,0.461479362253,0.780529176286,0.118274425869,25,1000,101,1458,1.4580000000000002
heuristic,r208,3,1521.62087911,0.639921021328,0.143353287409,0.94466891705,0.52184832175,0.414661939991,25,1000,101,1458,1.4580000000000002
heuristic,r208,3,1283.06829789,0.264555612105,0.774233689434,0.45615033221699997,0.568433948869,0.018789800436400002,25,1000,101,1458,1.4580000000000002
heuristic,r208,4,1981.66728683,0.617635497076,0.6120957227220001,0.616933996875,0.9437480785150001,0.681820299103,25,1000,101,1458,1.4580000000000002
heuristic,r208,4,1384.87504764,0.359507900574,0.437031953799,0.6976311959270001,0.060225471629300004,0.6667667154460001,25,1000,101,1458,1.4580000000000002
heuristic,r208,4,2714.54257902,0.670637869618,0.210382561074,0.128926297655,0.315428350924,0.36371077094300003,25,1000,101,1458,1.4580000000000002
heuristic,r209,4,2239.35895706,0.548813503927,0.7151893663719999,0.6027633760719999,0.544883182997,0.42365479933899997,25,1000,101,1458,1.4580000000000002
heuristic,r209,5,2515.57495124,0.645894113067,0.437587211263,0.891773000782,0.963662760501,0.383441518826,25,1000,101,1458,1.4580000000000002
heuristic,r209,5,2809.38017609,0.791725038083,0.528894919753,0.5680445610939999,0.925596638293,0.07103605819789999,25,1000,101,1458,1.4580000000000002
heuristic,r209,5,3047.08131927,0.08712929970149999,0.0202183974403,0.8326198455480001,0.77815675095,0.870012148247,25,1000,101,1458,1.4580000000000002
heuristic,r209,5,2613.90750569,0.9786183422329999,0.799158564217,0.461479362253,0.780529176286,0.118274425869,25,1000,101,1458,1.4580000000000002
heuristic,r209,4,2331.50262085,0.639921021328,0.143353287409,0.94466891705,0.52184832175,0.414661939991,25,1000,101,1458,1.4580000000000002
heuristic,r209,4,2301.19737382,0.264555612105,0.774233689434,0.45615033221699997,0.568433948869,0.018789800436400002,25,1000,101,1458,1.4580000000000002
heuristic,r209,4,2572.77473345,0.617635497076,0.6120957227220001,0.616933996875,0.9437480785150001,0.681820299103,25,1000,101,1458,1.4580000000000002
heuristic,r209,3,1481.71520498,0.359507900574,0.437031953799,0.6976311959270001,0.060225471629300004,0.6667667154460001,25,1000,101,1458,1.4580000000000002
heuristic,r209,5,3076.95516285,0.670637869618,0.210382561074,0.128926297655,0.315428350924,0.36371077094300003,25,1000,101,1458,1.4580000000000002
heuristic,r210,4,2280.99769399,0.548813503927,0.7151893663719999,0.6027633760719999,0.544883182997,0.42365479933899997,25,1000,101,1458,1.4580000000000002
heuristic,r210,5,2603.98923891,0.645894113067,0.437587211263,0.891773000782,0.963662760501,0.383441518826,25,1000,101,1458,1.4580000000000002
heuristic,r210,5,2776.10669618,0.791725038083,0.528894919753,0.5680445610939999,0.925596638293,0.07103605819789999,25,1000,101,1458,1.4580000000000002
heuristic,r210,5,2688.53972389,0.08712929970149999,0.0202183974403,0.8326198455480001,0.77815675095,0.870012148247,25,1000,101,1458,1.4580000000000002
heuristic,r210,5,2505.95233108,0.9786183422329999,0.799158564217,0.461479362253,0.780529176286,0.118274425869,25,1000,101,1458,1.4580000000000002
heuristic,r210,4,2388.75271584,0.639921021328,0.143353287409,0.94466891705,0.52184832175,0.414661939991,25,1000,101,1458,1.4580000000000002
heuristic,r210,4,2181.03164055,0.264555612105,0.774233689434,0.45615033221699997,0.568433948869,0.018789800436400002,25,1000,101,1458,1.4580000000000002
heuristic,r210,5,2534.51221889,0.617635497076,0.6120957227220001,0.616933996875,0.9437480785150001,0.681820299103,25,1000,101,1458,1.4580000000000002
heuristic,r210,3,1581.36988974,0.359507900574,0.437031953799,0.6976311959270001,0.060225471629300004,0.6667667154460001,25,1000,101,1458,1.4580000000000002
heuristic,r210,5,2811.42015965,0.670637869618,0.210382561074,0.128926297655,0.315428350924,0.36371077094300003,25,1000,101,1458,1.4580000000000002
heuristic,r211,4,2043.73877149,0.548813503927,0.7151893663719999,0.6027633760719999,0.544883182997,0.42365479933899997,25,1000,101,1458,1.4580000000000002
heuristic,r211,4,2378.2708742,0.645894113067,0.437587211263,0.891773000782,0.963662760501,0.383441518826,25,1000,101,1458,1.4580000000000002
heuristic,r211,4,2727.4702963000004,0.791725038083,0.528894919753,0.5680445610939999,0.925596638293,0.07103605819789999,25,1000,101,1458,1.4580000000000002
heuristic,r211,5,2940.65097212,0.08712929970149999,0.0202183974403,0.8326198455480001,0.77815675095,0.870012148247,25,1000,101,1458,1.4580000000000002
heuristic,r211,4,2207.23463616,0.9786183422329999,0.799158564217,0.461479362253,0.780529176286,0.118274425869,25,1000,101,1458,1.4580000000000002
heuristic,r211,4,2231.33424974,0.639921021328,0.143353287409,0.94466891705,0.52184832175,0.414661939991,25,1000,101,1458,1.4580000000000002
heuristic,r211,4,2061.1493004999998,0.264555612105,0.774233689434,0.45615033221699997,0.568433948869,0.018789800436400002,25,1000,101,1458,1.4580000000000002
heuristic,r211,4,2613.12030169,0.617635497076,0.6120957227220001,0.616933996875,0.9437480785150001,0.681820299103,25,1000,101,1458,1.4580000000000002
heuristic,r211,4,1439.85537681,0.359507900574,0.437031953799,0.6976311959270001,0.060225471629300004,0.6667667154460001,25,1000,101,1458,1.4580000000000002
heuristic,r211,5,2927.91486926,0.670637869618,0.210382561074,0.128926297655,0.315428350924,0.36371077094300003,25,1000,101,1458,1.4580000000000002
heuristic,rc101,18,2302.94734213,0.548813503927,0.7151893663719999,0.6027633760719999,0.544883182997,0.42365479933899997,25,200,101,1724,8.62
heuristic,rc101,19,2346.63354251,0.645894113067,0.437587211263,0.891773000782,0.963662760501,0.383441518826,25,200,101,1724,8.62
heuristic,rc101,20,2442.25800082,0.791725038083,0.528894919753,0.5680445610939999,0.925596638293,0.07103605819789999,25,200,101,1724,8.62
heuristic,rc101,22,3027.23798653,0.08712929970149999,0.0202183974403,0.8326198455480001,0.77815675095,0.870012148247,25,200,101,1724,8.62
heuristic,rc101,19,2377.55227012,0.9786183422329999,0.799158564217,0.461479362253,0.780529176286,0.118274425869,25,200,101,1724,8.62
heuristic,rc101,20,2346.44882718,0.639921021328,0.143353287409,0.94466891705,0.52184832175,0.414661939991,25,200,101,1724,8.62
heuristic,rc101,18,2209.66927948,0.264555612105,0.774233689434,0.45615033221699997,0.568433948869,0.018789800436400002,25,200,101,1724,8.62
heuristic,rc101,19,2467.31893944,0.617635497076,0.6120957227220001,0.616933996875,0.9437480785150001,0.681820299103,25,200,101,1724,8.62
heuristic,rc101,19,2374.2403581,0.359507900574,0.437031953799,0.6976311959270001,0.060225471629300004,0.6667667154460001,25,200,101,1724,8.62
heuristic,rc101,21,2826.22400869,0.670637869618,0.210382561074,0.128926297655,0.315428350924,0.36371077094300003,25,200,101,1724,8.62
heuristic,rc102,16,2193.23337758,0.548813503927,0.7151893663719999,0.6027633760719999,0.544883182997,0.42365479933899997,25,200,101,1724,8.62
heuristic,rc102,16,2300.09457498,0.645894113067,0.437587211263,0.891773000782,0.963662760501,0.383441518826,25,200,101,1724,8.62
heuristic,rc102,17,2428.84371516,0.791725038083,0.528894919753,0.5680445610939999,0.925596638293,0.07103605819789999,25,200,101,1724,8.62
heuristic,rc102,20,3091.23087196,0.08712929970149999,0.0202183974403,0.8326198455480001,0.77815675095,0.870012148247,25,200,101,1724,8.62
heuristic,rc102,16,2336.60554546,0.9786183422329999,0.799158564217,0.461479362253,0.780529176286,0.118274425869,25,200,101,1724,8.62
heuristic,rc102,15,2079.99615147,0.639921021328,0.143353287409,0.94466891705,0.52184832175,0.414661939991,25,200,101,1724,8.62
heuristic,rc102,16,2072.75895693,0.264555612105,0.774233689434,0.45615033221699997,0.568433948869,0.018789800436400002,25,200,101,1724,8.62
heuristic,rc102,16,2317.90864161,0.617635497076,0.6120957227220001,0.616933996875,0.9437480785150001,0.681820299103,25,200,101,1724,8.62
heuristic,rc102,18,2257.96682935,0.359507900574,0.437031953799,0.6976311959270001,0.060225471629300004,0.6667667154460001,25,200,101,1724,8.62
heuristic,rc102,19,2860.19360472,0.670637869618,0.210382561074,0.128926297655,0.315428350924,0.36371077094300003,25,200,101,1724,8.62
heuristic,rc103,16,2144.75954656,0.548813503927,0.7151893663719999,0.6027633760719999,0.544883182997,0.42365479933899997,25,200,101,1724,8.62
heuristic,rc103,16,2466.61392836,0.645894113067,0.437587211263,0.891773000782,0.963662760501,0.383441518826,25,200,101,1724,8.62
heuristic,rc103,16,2219.61027569,0.791725038083,0.528894919753,0.5680445610939999,0.925596638293,0.07103605819789999,25,200,101,1724,8.62
heuristic,rc103,18,2898.53609088,0.08712929970149999,0.0202183974403,0.8326198455480001,0.77815675095,0.870012148247,25,200,101,1724,8.62
heuristic,rc103,15,2024.50847291,0.9786183422329999,0.799158564217,0.461479362253,0.780529176286,0.118274425869,25,200,101,1724,8.62
heuristic,rc103,14,2123.14816646,0.639921021328,0.143353287409,0.94466891705,0.52184832175,0.414661939991,25,200,101,1724,8.62
heuristic,rc103,14,1742.88110445,0.264555612105,0.774233689434,0.45615033221699997,0.568433948869,0.018789800436400002,25,200,101,1724,8.62
heuristic,rc103,16,2473.0000640999997,0.617635497076,0.6120957227220001,0.616933996875,0.9437480785150001,0.681820299103,25,200,101,1724,8.62
heuristic,rc103,14,1831.47097716,0.359507900574,0.437031953799,0.6976311959270001,0.060225471629300004,0.6667667154460001,25,200,101,1724,8.62
heuristic,rc103,19,3091.19677847,0.670637869618,0.210382561074,0.128926297655,0.315428350924,0.36371077094300003,25,200,101,1724,8.62
heuristic,rc104,14,1879.41970497,0.548813503927,0.7151893663719999,0.6027633760719999,0.544883182997,0.42365479933899997,25,200,101,1724,8.62
heuristic,rc104,14,2084.16212224,0.645894113067,0.437587211263,0.891773000782,0.963662760501,0.383441518826,25,200,101,1724,8.62
heuristic,rc104,16,2390.16346996,0.791725038083,0.528894919753,0.5680445610939999,0.925596638293,0.07103605819789999,25,200,101,1724,8.62
heuristic,rc104,18,2906.1607031999997,0.08712929970149999,0.0202183974403,0.8326198455480001,0.77815675095,0.870012148247,25,200,101,1724,8.62
heuristic,rc104,14,1822.41147767,0.9786183422329999,0.799158564217,0.461479362253,0.780529176286,0.118274425869,25,200,101,1724,8.62
heuristic,rc104,13,1891.12605024,0.639921021328,0.143353287409,0.94466891705,0.52184832175,0.414661939991,25,200,101,1724,8.62
heuristic,rc104,13,1637.09862786,0.264555612105,0.774233689434,0.45615033221699997,0.568433948869,0.018789800436400002,25,200,101,1724,8.62
heuristic,rc104,15,2187.05812079,0.617635497076,0.6120957227220001,0.616933996875,0.9437480785150001,0.681820299103,25,200,101,1724,8.62
heuristic,rc104,13,1695.3562796,0.359507900574,0.437031953799,0.6976311959270001,0.060225471629300004,0.6667667154460001,25,200,101,1724,8.62
heuristic,rc104,19,3093.68800672,0.670637869618,0.210382561074,0.128926297655,0.315428350924,0.36371077094300003,25,200,101,1724,8.62
heuristic,rc105,19,2417.35852182,0.548813503927,0.7151893663719999,0.6027633760719999,0.544883182997,0.42365479933899997,25,200,101,1724,8.62
heuristic,rc105,18,2718.41339086,0.645894113067,0.437587211263,0.891773000782,0.963662760501,0.383441518826,25,200,101,1724,8.62
heuristic,rc105,20,2833.31425053,0.791725038083,0.528894919753,0.5680445610939999,0.925596638293,0.07103605819789999,25,200,101,1724,8.62
heuristic,rc105,19,2721.18945026,0.08712929970149999,0.0202183974403,0.8326198455480001,0.77815675095,0.870012148247,25,200,101,1724,8.62
heuristic,rc105,18,2347.75635656,0.9786183422329999,0.799158564217,0.461479362253,0.780529176286,0.118274425869,25,200,101,1724,8.62
heuristic,rc105,17,2394.73336354,0.639921021328,0.143353287409,0.94466891705,0.52184832175,0.414661939991,25,200,101,1724,8.62
heuristic,rc105,18,2382.88799915,0.264555612105,0.774233689434,0.45615033221699997,0.568433948869,0.018789800436400002,25,200,101,1724,8.62
heuristic,rc105,18,2584.71992849,0.617635497076,0.6120957227220001,0.616933996875,0.9437480785150001,0.681820299103,25,200,101,1724,8.62
heuristic,rc105,19,2280.79383017,0.359507900574,0.437031953799,0.6976311959270001,0.060225471629300004,0.6667667154460001,25,200,101,1724,8.62
heuristic,rc105,20,2777.08442173,0.670637869618,0.210382561074,0.128926297655,0.315428350924,0.36371077094300003,25,200,101,1724,8.62
heuristic,rc106,15,2012.96302707,0.548813503927,0.7151893663719999,0.6027633760719999,0.544883182997,0.42365479933899997,25,200,101,1724,8.62
heuristic,rc106,16,2275.30964421,0.645894113067,0.437587211263,0.891773000782,0.963662760501,0.383441518826,25,200,101,1724,8.62
heuristic,rc106,17,2509.15262323,0.791725038083,0.528894919753,0.5680445610939999,0.925596638293,0.07103605819789999,25,200,101,1724,8.62
heuristic,rc106,20,3070.98899123,0.08712929970149999,0.0202183974403,0.8326198455480001,0.77815675095,0.870012148247,25,200,101,1724,8.62
heuristic,rc106,15,2122.38770268,0.9786183422329999,0.799158564217,0.461479362253,0.780529176286,0.118274425869,25,200,101,1724,8.62
heuristic,rc106,14,1969.94600612,0.639921021328,0.143353287409,0.94466891705,0.52184832175,0.414661939991,25,200,101,1724,8.62
heuristic,rc106,14,1852.78320394,0.264555612105,0.774233689434,0.45615033221699997,0.568433948869,0.018789800436400002,25,200,101,1724,8.62
heuristic,rc106,17,2560.27047015,0.617635497076,0.6120957227220001,0.616933996875,0.9437480785150001,0.681820299103,25,200,101,1724,8.62
heuristic,rc106,15,1967.91026745,0.359507900574,0.437031953799,0.6976311959270001,0.060225471629300004,0.6667667154460001,25,200,101,1724,8.62
heuristic,rc106,18,2826.66698426,0.670637869618,0.210382561074,0.128926297655,0.315428350924,0.36371077094300003,25,200,101,1724,8.62
heuristic,rc107,14,1990.18277975,0.548813503927,0.7151893663719999,0.6027633760719999,0.544883182997,0.42365479933899997,25,200,101,1724,8.62
heuristic,rc107,18,2899.92833129,0.645894113067,0.437587211263,0.891773000782,0.963662760501,0.383441518826,25,200,101,1724,8.62
heuristic,rc107,16,2583.0311607,0.791725038083,0.528894919753,0.5680445610939999,0.925596638293,0.07103605819789999,25,200,101,1724,8.62
heuristic,rc107,19,3179.94620132,0.08712929970149999,0.0202183974403,0.8326198455480001,0.77815675095,0.870012148247,25,200,101,1724,8.62
heuristic,rc107,14,2048.6823713,0.9786183422329999,0.799158564217,0.461479362253,0.780529176286,0.118274425869,25,200,101,1724,8.62
heuristic,rc107,13,1879.50065605,0.639921021328,0.143353287409,0.94466891705,0.52184832175,0.414661939991,25,200,101,1724,8.62
heuristic,rc107,14,1908.99681247,0.264555612105,0.774233689434,0.45615033221699997,0.568433948869,0.018789800436400002,25,200,101,1724,8.62
heuristic,rc107,17,2734.54222467,0.617635497076,0.6120957227220001,0.616933996875,0.9437480785150001,0.681820299103,25,200,101,1724,8.62
heuristic,rc107,14,1872.61336002,0.359507900574,0.437031953799,0.6976311959270001,0.060225471629300004,0.6667667154460001,25,200,101,1724,8.62
heuristic,rc107,19,3229.74385298,0.670637869618,0.210382561074,0.128926297655,0.315428350924,0.36371077094300003,25,200,101,1724,8.62
heuristic,rc108,13,1830.87362454,0.548813503927,0.7151893663719999,0.6027633760719999,0.544883182997,0.42365479933899997,25,200,101,1724,8.62
heuristic,rc108,15,2338.17461469,0.645894113067,0.437587211263,0.891773000782,0.963662760501,0.383441518826,25,200,101,1724,8.62
heuristic,rc108,16,2584.92784178,0.791725038083,0.528894919753,0.5680445610939999,0.925596638293,0.07103605819789999,25,200,101,1724,8.62
heuristic,rc108,17,2819.1407387,0.08712929970149999,0.0202183974403,0.8326198455480001,0.77815675095,0.870012148247,25,200,101,1724,8.62
heuristic,rc108,13,1870.07578382,0.9786183422329999,0.799158564217,0.461479362253,0.780529176286,0.118274425869,25,200,101,1724,8.62
heuristic,rc108,14,1984.91635603,0.639921021328,0.143353287409,0.94466891705,0.52184832175,0.414661939991,25,200,101,1724,8.62
heuristic,rc108,13,1738.47396225,0.264555612105,0.774233689434,0.45615033221699997,0.568433948869,0.018789800436400002,25,200,101,1724,8.62
heuristic,rc108,15,2415.6342955,0.617635497076,0.6120957227220001,0.616933996875,0.9437480785150001,0.681820299103,25,200,101,1724,8.62
heuristic,rc108,14,1746.58908612,0.359507900574,0.437031953799,0.6976311959270001,0.060225471629300004,0.6667667154460001,25,200,101,1724,8.62
heuristic,rc108,17,2812.26432304,0.670637869618,0.210382561074,0.128926297655,0.315428350924,0.36371077094300003,25,200,101,1724,8.62
heuristic,rc201,5,2670.10597998,0.548813503927,0.7151893663719999,0.6027633760719999,0.544883182997,0.42365479933899997,25,1000,101,1724,1.724
heuristic,rc201,5,2920.04361372,0.645894113067,0.437587211263,0.891773000782,0.963662760501,0.383441518826,25,1000,101,1724,1.724
heuristic,rc201,7,3425.01094285,0.791725038083,0.528894919753,0.5680445610939999,0.925596638293,0.07103605819789999,25,1000,101,1724,1.724
heuristic,rc201,7,3377.22500426,0.08712929970149999,0.0202183974403,0.8326198455480001,0.77815675095,0.870012148247,25,1000,101,1724,1.724
heuristic,rc201,5,2894.33632471,0.9786183422329999,0.799158564217,0.461479362253,0.780529176286,0.118274425869,25,1000,101,1724,1.724
heuristic,rc201,6,2849.18770768,0.639921021328,0.143353287409,0.94466891705,0.52184832175,0.414661939991,25,1000,101,1724,1.724
heuristic,rc201,5,2694.6139510000003,0.264555612105,0.774233689434,0.45615033221699997,0.568433948869,0.018789800436400002,25,1000,101,1724,1.724
heuristic,rc201,7,3184.39897476,0.617635497076,0.6120957227220001,0.616933996875,0.9437480785150001,0.681820299103,25,1000,101,1724,1.724
heuristic,rc201,5,2366.16819575,0.359507900574,0.437031953799,0.6976311959270001,0.060225471629300004,0.6667667154460001,25,1000,101,1724,1.724
heuristic,rc201,7,3377.99519926,0.670637869618,0.210382561074,0.128926297655,0.315428350924,0.36371077094300003,25,1000,101,1724,1.724
heuristic,rc202,5,2602.23517498,0.548813503927,0.7151893663719999,0.6027633760719999,0.544883182997,0.42365479933899997,25,1000,101,1724,1.724
heuristic,rc202,5,2780.77485051,0.645894113067,0.437587211263,0.891773000782,0.963662760501,0.383441518826,25,1000,101,1724,1.724
heuristic,rc202,5,2938.02235601,0.791725038083,0.528894919753,0.5680445610939999,0.925596638293,0.07103605819789999,25,1000,101,1724,1.724
heuristic,rc202,6,3346.68870109,0.08712929970149999,0.0202183974403,0.8326198455480001,0.77815675095,0.870012148247,25,1000,101,1724,1.724
heuristic,rc202,5,2702.13903651,0.9786183422329999,0.799158564217,0.461479362253,0.780529176286,0.118274425869,25,1000,101,1724,1.724
heuristic,rc202,5,2593.14449558,0.639921021328,0.143353287409,0.94466891705,0.52184832175,0.414661939991,25,1000,101,1724,1.724
heuristic,rc202,4,2526.55969231,0.264555612105,0.774233689434,0.45615033221699997,0.568433948869,0.018789800436400002,25,1000,101,1724,1.724
heuristic,rc202,5,2840.41445685,0.617635497076,0.6120957227220001,0.616933996875,0.9437480785150001,0.681820299103,25,1000,101,1724,1.724
heuristic,rc202,5,2085.14843585,0.359507900574,0.437031953799,0.6976311959270001,0.060225471629300004,0.6667667154460001,25,1000,101,1724,1.724
heuristic,rc202,6,3346.68870109,0.670637869618,0.210382561074,0.128926297655,0.315428350924,0.36371077094300003,25,1000,101,1724,1.724
heuristic,rc203,4,2174.55117688,0.548813503927,0.7151893663719999,0.6027633760719999,0.544883182997,0.42365479933899997,25,1000,101,1724,1.724
heuristic,rc203,5,2472.60362306,0.645894113067,0.437587211263,0.891773000782,0.963662760501,0.383441518826,25,1000,101,1724,1.724
heuristic,rc203,5,2588.49825697,0.791725038083,0.528894919753,0.5680445610939999,0.925596638293,0.07103605819789999,25,1000,101,1724,1.724
heuristic,rc203,6,3296.38827153,0.08712929970149999,0.0202183974403,0.8326198455480001,0.77815675095,0.870012148247,25,1000,101,1724,1.724
heuristic,rc203,5,2086.46453546,0.9786183422329999,0.799158564217,0.461479362253,0.780529176286,0.118274425869,25,1000,101,1724,1.724
heuristic,rc203,4,2236.2665011,0.639921021328,0.143353287409,0.94466891705,0.52184832175,0.414661939991,25,1000,101,1724,1.724
heuristic,rc203,4,1985.4674227000003,0.264555612105,0.774233689434,0.45615033221699997,0.568433948869,0.018789800436400002,25,1000,101,1724,1.724
heuristic,rc203,5,2515.18710704,0.617635497076,0.6120957227220001,0.616933996875,0.9437480785150001,0.681820299103,25,1000,101,1724,1.724
heuristic,rc203,4,1978.79410913,0.359507900574,0.437031953799,0.6976311959270001,0.060225471629300004,0.6667667154460001,25,1000,101,1724,1.724
heuristic,rc203,6,3221.85069733,0.670637869618,0.210382561074,0.128926297655,0.315428350924,0.36371077094300003,25,1000,101,1724,1.724
heuristic,rc204,4,1605.93232876,0.548813503927,0.7151893663719999,0.6027633760719999,0.544883182997,0.42365479933899997,25,1000,101,1724,1.724
heuristic,rc204,4,1693.11535549,0.645894113067,0.437587211263,0.891773000782,0.963662760501,0.383441518826,25,1000,101,1724,1.724
heuristic,rc204,5,2217.32233481,0.791725038083,0.528894919753,0.5680445610939999,0.925596638293,0.07103605819789999,25,1000,101,1724,1.724
heuristic,rc204,5,2803.37168068,0.08712929970149999,0.0202183974403,0.8326198455480001,0.77815675095,0.870012148247,25,1000,101,1724,1.724
heuristic,rc204,4,1644.59820272,0.9786183422329999,0.799158564217,0.461479362253,0.780529176286,0.118274425869,25,1000,101,1724,1.724
heuristic,rc204,4,1631.81599509,0.639921021328,0.143353287409,0.94466891705,0.52184832175,0.414661939991,25,1000,101,1724,1.724
heuristic,rc204,3,1380.22237224,0.264555612105,0.774233689434,0.45615033221699997,0.568433948869,0.018789800436400002,25,1000,101,1724,1.724
heuristic,rc204,4,2080.42818224,0.617635497076,0.6120957227220001,0.616933996875,0.9437480785150001,0.681820299103,25,1000,101,1724,1.724
heuristic,rc204,4,1385.73631986,0.359507900574,0.437031953799,0.6976311959270001,0.060225471629300004,0.6667667154460001,25,1000,101,1724,1.724
heuristic,rc204,5,2888.89617158,0.670637869618,0.210382561074,0.128926297655,0.315428350924,0.36371077094300003,25,1000,101,1724,1.724
heuristic,rc205,5,2775.61822488,0.548813503927,0.7151893663719999,0.6027633760719999,0.544883182997,0.42365479933899997,25,1000,101,1724,1.724
heuristic,rc205,6,3303.01920166,0.645894113067,0.437587211263,0.891773000782,0.963662760501,0.383441518826,25,1000,101,1724,1.724
heuristic,rc205,6,3419.16548542,0.791725038083,0.528894919753,0.5680445610939999,0.925596638293,0.07103605819789999,25,1000,101,1724,1.724
heuristic,rc205,6,3588.63317317,0.08712929970149999,0.0202183974403,0.8326198455480001,0.77815675095,0.870012148247,25,1000,101,1724,1.724
heuristic,rc205,6,3078.39248621,0.9786183422329999,0.799158564217,0.461479362253,0.780529176286,0.118274425869,25,1000,101,1724,1.724
heuristic,rc205,6,2936.6440999,0.639921021328,0.143353287409,0.94466891705,0.52184832175,0.414661939991,25,1000,101,1724,1.724
heuristic,rc205,6,2843.27279525,0.264555612105,0.774233689434,0.45615033221699997,0.568433948869,0.018789800436400002,25,1000,101,1724,1.724
heuristic,rc205,6,3117.73158232,0.617635497076,0.6120957227220001,0.616933996875,0.9437480785150001,0.681820299103,25,1000,101,1724,1.724
heuristic,rc205,5,1965.04092801,0.359507900574,0.437031953799,0.6976311959270001,0.060225471629300004,0.6667667154460001,25,1000,101,1724,1.724
heuristic,rc205,7,3673.29350256,0.670637869618,0.210382561074,0.128926297655,0.315428350924,0.36371077094300003,25,1000,101,1724,1.724
heuristic,rc206,5,2663.94554943,0.548813503927,0.7151893663719999,0.6027633760719999,0.544883182997,0.42365479933899997,25,1000,101,1724,1.724
heuristic,rc206,5,2967.31006306,0.645894113067,0.437587211263,0.891773000782,0.963662760501,0.383441518826,25,1000,101,1724,1.724
heuristic,rc206,5,2856.09682186,0.791725038083,0.528894919753,0.5680445610939999,0.925596638293,0.07103605819789999,25,1000,101,1724,1.724
heuristic,rc206,6,3393.47618557,0.08712929970149999,0.0202183974403,0.8326198455480001,0.77815675095,0.870012148247,25,1000,101,1724,1.724
heuristic,rc206,5,2729.3246551999996,0.9786183422329999,0.799158564217,0.461479362253,0.780529176286,0.118274425869,25,1000,101,1724,1.724
heuristic,rc206,4,2492.4144773000003,0.639921021328,0.143353287409,0.94466891705,0.52184832175,0.414661939991,25,1000,101,1724,1.724
heuristic,rc206,5,2486.78597156,0.264555612105,0.774233689434,0.45615033221699997,0.568433948869,0.018789800436400002,25,1000,101,1724,1.724
heuristic,rc206,5,3008.90985333,0.617635497076,0.6120957227220001,0.616933996875,0.9437480785150001,0.681820299103,25,1000,101,1724,1.724
heuristic,rc206,4,1777.56522008,0.359507900574,0.437031953799,0.6976311959270001,0.060225471629300004,0.6667667154460001,25,1000,101,1724,1.724
heuristic,rc206,6,3389.25502619,0.670637869618,0.210382561074,0.128926297655,0.315428350924,0.36371077094300003,25,1000,101,1724,1.724
heuristic,rc207,5,2545.10658229,0.548813503927,0.7151893663719999,0.6027633760719999,0.544883182997,0.42365479933899997,25,1000,101,1724,1.724
heuristic,rc207,5,3195.32534074,0.645894113067,0.437587211263,0.891773000782,0.963662760501,0.383441518826,25,1000,101,1724,1.724
heuristic,rc207,6,3274.34450088,0.791725038083,0.528894919753,0.5680445610939999,0.925596638293,0.07103605819789999,25,1000,101,1724,1.724
heuristic,rc207,6,3662.31651437,0.08712929970149999,0.0202183974403,0.8326198455480001,0.77815675095,0.870012148247,25,1000,101,1724,1.724
heuristic,rc207,5,3002.62679729,0.9786183422329999,0.799158564217,0.461479362253,0.780529176286,0.118274425869,25,1000,101,1724,1.724
heuristic,rc207,5,2764.49343993,0.639921021328,0.143353287409,0.94466891705,0.52184832175,0.414661939991,25,1000,101,1724,1.724
heuristic,rc207,5,2746.65778746,0.264555612105,0.774233689434,0.45615033221699997,0.568433948869,0.018789800436400002,25,1000,101,1724,1.724
heuristic,rc207,6,3428.55959054,0.617635497076,0.6120957227220001,0.616933996875,0.9437480785150001,0.681820299103,25,1000,101,1724,1.724
heuristic,rc207,4,1807.73886209,0.359507900574,0.437031953799,0.6976311959270001,0.060225471629300004,0.6667667154460001,25,1000,101,1724,1.724
heuristic,rc207,6,3765.6485620999997,0.670637869618,0.210382561074,0.128926297655,0.315428350924,0.36371077094300003,25,1000,101,1724,1.724
heuristic,rc208,4,2176.29916779,0.548813503927,0.7151893663719999,0.6027633760719999,0.544883182997,0.42365479933899997,25,1000,101,1724,1.724
heuristic,rc208,4,2717.29622767,0.645894113067,0.437587211263,0.891773000782,0.963662760501,0.383441518826,25,1000,101,1724,1.724
heuristic,rc208,5,3254.13902705,0.791725038083,0.528894919753,0.5680445610939999,0.925596638293,0.07103605819789999,25,1000,101,1724,1.724
heuristic,rc208,6,3686.13610093,0.08712929970149999,0.0202183974403,0.8326198455480001,0.77815675095,0.870012148247,25,1000,101,1724,1.724
heuristic,rc208,4,2448.76293928,0.9786183422329999,0.799158564217,0.461479362253,0.780529176286,0.118274425869,25,1000,101,1724,1.724
heuristic,rc208,4,2351.77930326,0.639921021328,0.143353287409,0.94466891705,0.52184832175,0.414661939991,25,1000,101,1724,1.724
heuristic,rc208,4,2187.4049859,0.264555612105,0.774233689434,0.45615033221699997,0.568433948869,0.018789800436400002,25,1000,101,1724,1.724
heuristic,rc208,5,3099.31376566,0.617635497076,0.6120957227220001,0.616933996875,0.9437480785150001,0.681820299103,25,1000,101,1724,1.724
heuristic,rc208,4,1466.48633989,0.359507900574,0.437031953799,0.6976311959270001,0.060225471629300004,0.6667667154460001,25,1000,101,1724,1.724
heuristic,rc208,6,3822.08571355,0.670637869618,0.210382561074,0.128926297655,0.315428350924,0.36371077094300003,25,1000,101,1724,1.724
